no,baris,word,wordTotal,n,tf,idf,tf_idf
1,2,vaksinasi,1361,1,0.000734754,5.883322388,0.004322794
2,6,pada,38,1,0.026315789,5.883322388,0.154824273
3,7,saat,47,1,0.021276596,5.883322388,0.125177072
4,8,mudik,561,1,0.001782531,5.883322388,0.010487206
5,9,lebaran,77,1,0.012987013,5.883322388,0.076406784
6,10,booster,719,1,0.001390821,5.883322388,0.008182646
7,11,jadi,79,1,0.012658228,5.883322388,0.074472435
8,12,syarat,73,1,0.01369863,5.883322388,0.080593457
9,13,mudik,561,1,0.001782531,5.883322388,0.010487206
10,15,vaksinasi,1361,1,0.000734754,5.883322388,0.004322794
11,16,di,380,1,0.002631579,5.883322388,0.015482427
12,19,selamat,13,1,0.076923077,5.883322388,0.452563261
13,21,bagi,70,1,0.014285714,5.883322388,0.084047463
14,24,usia,41,1,0.024390244,5.883322388,0.143495668
15,25,tahun,122,1,0.008196721,5.883322388,0.048223954
16,26,ke,157,1,0.006369427,5.883322388,0.037473391
17,27,ata,31,1,0.032258065,5.883322388,0.189784593
18,32,pada,38,1,0.026315789,5.883322388,0.154824273
19,37,melaksanakan,78,1,0.012820513,5.883322388,0.07542721
20,38,giat,23,1,0.043478261,5.883322388,0.255796626
21,40,vaksinasi,1361,1,0.000734754,5.883322388,0.004322794
22,42,dosi,106,1,0.009433962,5.883322388,0.055503041
23,43,dengan,123,1,0.008130081,5.883322388,0.047831889
24,47,kesehatan,94,1,0.010638298,5.883322388,0.062588536
25,51,bagi,70,1,0.014285714,5.883322388,0.084047463
26,52,warga,102,1,0.009803922,5.883322388,0.057679631
27,53,masyarakat,125,1,0.008,5.883322388,0.047066579
28,54,yang,176,1,0.005681818,5.883322388,0.033427968
29,55,telah,38,1,0.026315789,5.883322388,0.154824273
30,56,melaksanakan,78,1,0.012820513,5.883322388,0.07542721
31,57,vaksinasi,1361,1,0.000734754,5.883322388,0.004322794
32,58,covid,328,1,0.00304878,5.883322388,0.017936959
33,59,di,380,1,0.002631579,5.883322388,0.015482427
34,64,rt,464,1,0.002155172,5.883322388,0.012679574
35,65,umat,26,1,0.038461538,5.883322388,0.22628163
36,66,islam,28,1,0.035714286,5.883322388,0.210118657
37,67,diam,24,1,0.041666667,5.883322388,0.245138433
38,68,saat,47,1,0.021276596,5.883322388,0.125177072
39,69,nataru,24,1,0.041666667,5.883322388,0.245138433
40,70,ppkm,25,1,0.04,5.883322388,0.235332896
41,71,dihapus,24,1,0.041666667,5.883322388,0.245138433
42,72,desjan,24,1,0.041666667,5.883322388,0.245138433
43,73,imlek,24,1,0.041666667,5.883322388,0.245138433
44,74,china,24,1,0.041666667,5.883322388,0.245138433
45,75,beba,25,1,0.04,5.883322388,0.235332896
46,76,amp,49,1,0.020408163,5.883322388,0.120067804
47,77,tni,42,1,0.023809524,5.883322388,0.140079104
48,78,polri,43,1,0.023255814,5.883322388,0.136821451
49,79,jadi,79,1,0.012658228,5.883322388,0.074472435
50,80,babu,24,1,0.041666667,5.883322388,0.245138433
51,81,bersihkan,24,1,0.041666667,5.883322388,0.245138433
52,82,klente,24,1,0.041666667,5.883322388,0.245138433
53,83,rt,464,1,0.002155172,5.883322388,0.012679574
54,84,percepatan,71,1,0.014084507,5.883322388,0.082863696
55,85,vaksinasi,1361,1,0.000734754,5.883322388,0.004322794
56,86,polr,136,1,0.007352941,5.883322388,0.043259723
57,87,kediri,11,1,0.090909091,5.883322388,0.53484749
58,88,dan,393,1,0.002544529,5.883322388,0.014970286
59,92,adalah,21,1,0.047619048,5.883322388,0.280158209
60,94,dan,393,1,0.002544529,5.883322388,0.014970286
61,97,menjadi,11,1,0.090909091,5.883322388,0.53484749
62,99,untuk,271,1,0.003690037,5.883322388,0.021709677
63,102,barat,27,1,0.037037037,5.883322388,0.217900829
64,105,percepatan,71,1,0.014084507,5.883322388,0.082863696
65,106,vaksinasi,1361,1,0.000734754,5.883322388,0.004322794
66,107,polr,136,1,0.007352941,5.883322388,0.043259723
67,108,kediri,11,1,0.090909091,5.883322388,0.53484749
68,109,rt,464,1,0.002155172,5.883322388,0.012679574
69,110,definisi,15,1,0.066666667,5.883322388,0.392221493
70,111,status,127,1,0.007874016,5.883322388,0.046325373
71,112,vaksinasi,1361,1,0.000734754,5.883322388,0.004322794
72,113,bermula,50,1,0.02,5.883322388,0.117666448
73,114,april,63,1,0.015873016,5.883322388,0.09338607
74,115,rt,464,1,0.002155172,5.883322388,0.012679574
75,118,vaksin,244,1,0.004098361,5.883322388,0.024111977
76,122,ini,94,1,0.010638298,5.883322388,0.062588536
77,126,dapat,15,1,0.066666667,5.883322388,0.392221493
78,129,vaksin,244,1,0.004098361,5.883322388,0.024111977
79,130,dan,393,1,0.002544529,5.883322388,0.014970286
80,131,segera,29,1,0.034482759,5.883322388,0.202873186
81,138,dalam,56,1,0.017857143,5.883322388,0.105059328
82,142,vaksinasi,1361,1,0.000734754,5.883322388,0.004322794
83,143,covid,328,1,0.00304878,5.883322388,0.017936959
84,144,serta,38,1,0.026315789,5.883322388,0.154824273
85,147,ke,157,1,0.006369427,5.883322388,0.037473391
86,149,rt,464,1,0.002155172,5.883322388,0.012679574
87,150,vaksinasi,1361,1,0.000734754,5.883322388,0.004322794
88,151,boost,19,1,0.052631579,5.883322388,0.309648547
89,152,tampaknya,16,1,0.0625,5.883322388,0.367707649
90,153,kurang,24,1,0.041666667,5.883322388,0.245138433
91,154,diminati,16,1,0.0625,5.883322388,0.367707649
92,155,warga,102,1,0.009803922,5.883322388,0.057679631
93,161,saat,47,1,0.021276596,5.883322388,0.125177072
94,163,vaksinasi,1361,1,0.000734754,5.883322388,0.004322794
95,164,di,380,1,0.002631579,5.883322388,0.015482427
96,166,apa,12,1,0.083333333,5.883322388,0.490276866
97,168,pelaksanaan,47,1,0.021276596,5.883322388,0.125177072
98,169,vaksinasi,1361,1,0.000734754,5.883322388,0.004322794
99,170,booster,719,1,0.001390821,5.883322388,0.008182646
100,171,polda,28,1,0.035714286,5.883322388,0.210118657
101,172,metro,16,1,0.0625,5.883322388,0.367707649
102,174,di,380,1,0.002631579,5.883322388,0.015482427
103,180,rt,464,1,0.002155172,5.883322388,0.012679574
104,181,ada,46,1,0.02173913,5.883322388,0.127898313
105,183,baik,22,1,0.045454545,5.883322388,0.267423745
106,184,nih,13,1,0.076923077,5.883322388,0.452563261
107,188,kembali,20,1,0.05,5.883322388,0.294166119
108,190,vaksinasi,1361,1,0.000734754,5.883322388,0.004322794
109,191,booster,719,1,0.001390821,5.883322388,0.008182646
110,192,nih,13,1,0.076923077,5.883322388,0.452563261
111,193,vaksinasi,1361,1,0.000734754,5.883322388,0.004322794
112,195,pada,38,1,0.026315789,5.883322388,0.154824273
113,197,dan,393,1,0.002544529,5.883322388,0.014970286
114,199,rt,464,1,0.002155172,5.883322388,0.012679574
115,200,dianggarkan,41,1,0.024390244,5.883322388,0.143495668
116,201,juta,66,1,0.015151515,5.883322388,0.089141248
117,202,rakyat,43,1,0.023255814,5.883322388,0.136821451
118,203,malaysia,125,1,0.008,5.883322388,0.047066579
119,204,akan,58,1,0.017241379,5.883322388,0.101436593
120,205,kehilangan,92,1,0.010869565,5.883322388,0.063949156
121,206,status,127,1,0.007874016,5.883322388,0.046325373
122,207,vaksin,244,1,0.004098361,5.883322388,0.024111977
123,208,lengkap,120,1,0.008333333,5.883322388,0.049027687
124,209,menjelang,42,1,0.023809524,5.883322388,0.140079104
125,210,mac,45,1,0.022222222,5.883322388,0.130740498
126,211,jangan,62,1,0.016129032,5.883322388,0.094892297
127,212,kehilangan,92,1,0.010869565,5.883322388,0.063949156
128,213,status,127,1,0.007874016,5.883322388,0.046325373
129,214,vak,25,1,0.04,5.883322388,0.235332896
130,215,saya,23,1,0.043478261,5.883322388,0.255796626
131,218,saya,23,1,0.043478261,5.883322388,0.255796626
132,219,tidak,56,1,0.017857143,5.883322388,0.105059328
133,221,untuk,271,1,0.003690037,5.883322388,0.021709677
134,222,covid,328,1,0.00304878,5.883322388,0.017936959
135,223,saya,23,1,0.043478261,5.883322388,0.255796626
136,230,yg,33,1,0.03030303,5.883322388,0.178282497
137,232,rt,464,1,0.002155172,5.883322388,0.012679574
138,233,saat,47,1,0.021276596,5.883322388,0.125177072
139,234,ini,94,1,0.010638298,5.883322388,0.062588536
140,235,belum,16,1,0.0625,5.883322388,0.367707649
141,239,di,380,1,0.002631579,5.883322388,0.015482427
142,243,amp,49,1,0.020408163,5.883322388,0.120067804
143,245,saat,47,1,0.021276596,5.883322388,0.125177072
144,246,ini,94,1,0.010638298,5.883322388,0.062588536
145,248,dengan,123,1,0.008130081,5.883322388,0.047831889
146,251,rt,464,1,0.002155172,5.883322388,0.012679574
147,253,sd,11,1,0.090909091,5.883322388,0.53484749
148,254,di,380,1,0.002631579,5.883322388,0.015482427
149,257,kurang,24,1,0.041666667,5.883322388,0.245138433
150,258,dari,59,1,0.016949153,5.883322388,0.099717329
151,261,vaksinasi,1361,1,0.000734754,5.883322388,0.004322794
152,265,saat,47,1,0.021276596,5.883322388,0.125177072
153,266,ini,94,1,0.010638298,5.883322388,0.062588536
154,267,belum,16,1,0.0625,5.883322388,0.367707649
155,271,di,380,1,0.002631579,5.883322388,0.015482427
156,275,amp,49,1,0.020408163,5.883322388,0.120067804
157,277,saat,47,1,0.021276596,5.883322388,0.125177072
158,278,ini,94,1,0.010638298,5.883322388,0.062588536
159,280,bhabinkamtibma,31,1,0.032258065,5.883322388,0.189784593
160,281,polsek,75,1,0.013333333,5.883322388,0.078444299
161,284,bersama,83,1,0.012048193,5.883322388,0.070883402
162,285,babinsa,54,1,0.018518519,5.883322388,0.108950415
163,287,vaksinasi,1361,1,0.000734754,5.883322388,0.004322794
164,288,di,380,1,0.002631579,5.883322388,0.015482427
165,289,desa,37,1,0.027027027,5.883322388,0.159008713
166,293,rt,464,1,0.002155172,5.883322388,0.012679574
167,294,vaksinasi,1361,1,0.000734754,5.883322388,0.004322794
168,295,boost,19,1,0.052631579,5.883322388,0.309648547
169,296,tampaknya,16,1,0.0625,5.883322388,0.367707649
170,297,kurang,24,1,0.041666667,5.883322388,0.245138433
171,298,diminati,16,1,0.0625,5.883322388,0.367707649
172,299,warga,102,1,0.009803922,5.883322388,0.057679631
173,300,guna,17,1,0.058823529,5.883322388,0.346077788
174,301,meningkatkan,32,1,0.03125,5.883322388,0.183853825
175,302,herd,104,1,0.009615385,5.883322388,0.056570408
176,303,immun,99,1,0.01010101,5.883322388,0.059427499
177,304,masyarakat,125,1,0.008,5.883322388,0.047066579
178,305,polr,136,1,0.007352941,5.883322388,0.043259723
179,307,lakukan,19,1,0.052631579,5.883322388,0.309648547
180,308,kegiatan,77,1,0.012987013,5.883322388,0.076406784
181,309,vaksinasi,1361,1,0.000734754,5.883322388,0.004322794
182,310,covid,328,1,0.00304878,5.883322388,0.017936959
183,311,massal,33,1,0.03030303,5.883322388,0.178282497
184,312,di,380,1,0.002631579,5.883322388,0.015482427
185,313,wilayah,11,1,0.090909091,5.883322388,0.53484749
186,314,kec,15,1,0.066666667,5.883322388,0.392221493
187,315,rt,464,1,0.002155172,5.883322388,0.012679574
188,316,definisi,15,1,0.066666667,5.883322388,0.392221493
189,317,status,127,1,0.007874016,5.883322388,0.046325373
190,318,vaksinasi,1361,1,0.000734754,5.883322388,0.004322794
191,319,bermula,50,1,0.02,5.883322388,0.117666448
192,320,april,63,1,0.015873016,5.883322388,0.09338607
193,327,vaksinasi,1361,1,0.000734754,5.883322388,0.004322794
194,328,covid,328,1,0.00304878,5.883322388,0.017936959
195,329,di,380,1,0.002631579,5.883322388,0.015482427
196,330,puskesma,21,1,0.047619048,5.883322388,0.280158209
197,331,kec,15,1,0.066666667,5.883322388,0.392221493
198,333,kab,22,1,0.045454545,5.883322388,0.267423745
199,334,rt,464,1,0.002155172,5.883322388,0.012679574
200,335,umat,26,1,0.038461538,5.883322388,0.22628163
201,336,islam,28,1,0.035714286,5.883322388,0.210118657
202,337,diam,24,1,0.041666667,5.883322388,0.245138433
203,338,saat,47,1,0.021276596,5.883322388,0.125177072
204,339,nataru,24,1,0.041666667,5.883322388,0.245138433
205,340,ppkm,25,1,0.04,5.883322388,0.235332896
206,341,dihapus,24,1,0.041666667,5.883322388,0.245138433
207,342,desjan,24,1,0.041666667,5.883322388,0.245138433
208,343,imlek,24,1,0.041666667,5.883322388,0.245138433
209,344,china,24,1,0.041666667,5.883322388,0.245138433
210,345,beba,25,1,0.04,5.883322388,0.235332896
211,346,amp,49,1,0.020408163,5.883322388,0.120067804
212,347,tni,42,1,0.023809524,5.883322388,0.140079104
213,348,polri,43,1,0.023255814,5.883322388,0.136821451
214,349,jadi,79,1,0.012658228,5.883322388,0.074472435
215,350,babu,24,1,0.041666667,5.883322388,0.245138433
216,351,bersihkan,24,1,0.041666667,5.883322388,0.245138433
217,352,klente,24,1,0.041666667,5.883322388,0.245138433
218,353,polr,136,1,0.007352941,5.883322388,0.043259723
219,355,kota,24,1,0.041666667,5.883322388,0.245138433
220,356,lakukan,19,1,0.052631579,5.883322388,0.309648547
221,357,kegiatan,77,1,0.012987013,5.883322388,0.076406784
222,358,vaksinasi,1361,1,0.000734754,5.883322388,0.004322794
223,359,booster,719,1,0.001390821,5.883322388,0.008182646
224,360,covid,328,1,0.00304878,5.883322388,0.017936959
225,363,dengan,123,1,0.008130081,5.883322388,0.047831889
226,365,warga,102,1,0.009803922,5.883322388,0.057679631
227,367,rt,464,1,0.002155172,5.883322388,0.012679574
228,368,umat,26,1,0.038461538,5.883322388,0.22628163
229,369,islam,28,1,0.035714286,5.883322388,0.210118657
230,370,diam,24,1,0.041666667,5.883322388,0.245138433
231,371,saat,47,1,0.021276596,5.883322388,0.125177072
232,372,nataru,24,1,0.041666667,5.883322388,0.245138433
233,373,ppkm,25,1,0.04,5.883322388,0.235332896
234,374,dihapus,24,1,0.041666667,5.883322388,0.245138433
235,375,desjan,24,1,0.041666667,5.883322388,0.245138433
236,376,imlek,24,1,0.041666667,5.883322388,0.245138433
237,377,china,24,1,0.041666667,5.883322388,0.245138433
238,378,beba,25,1,0.04,5.883322388,0.235332896
239,379,amp,49,1,0.020408163,5.883322388,0.120067804
240,380,tni,42,1,0.023809524,5.883322388,0.140079104
241,381,polri,43,1,0.023255814,5.883322388,0.136821451
242,382,jadi,79,1,0.012658228,5.883322388,0.074472435
243,383,babu,24,1,0.041666667,5.883322388,0.245138433
244,384,bersihkan,24,1,0.041666667,5.883322388,0.245138433
245,385,klente,24,1,0.041666667,5.883322388,0.245138433
246,386,rt,464,1,0.002155172,5.883322388,0.012679574
247,387,definisi,15,1,0.066666667,5.883322388,0.392221493
248,388,status,127,1,0.007874016,5.883322388,0.046325373
249,389,vaksinasi,1361,1,0.000734754,5.883322388,0.004322794
250,390,bermula,50,1,0.02,5.883322388,0.117666448
251,391,april,63,1,0.015873016,5.883322388,0.09338607
252,392,rt,464,1,0.002155172,5.883322388,0.012679574
253,393,bermula,50,1,0.02,5.883322388,0.117666448
254,394,april,63,1,0.015873016,5.883322388,0.09338607
255,395,status,127,1,0.007874016,5.883322388,0.046325373
256,396,vaksinasi,1361,1,0.000734754,5.883322388,0.004322794
257,397,untuk,271,1,0.003690037,5.883322388,0.021709677
258,398,penerima,39,1,0.025641026,5.883322388,0.15085442
259,399,vaksin,244,1,0.004098361,5.883322388,0.024111977
260,400,primer,32,1,0.03125,5.883322388,0.183853825
261,401,sinovac,115,1,0.008695652,5.883322388,0.051159325
262,402,tahun,122,1,0.008196721,5.883322388,0.048223954
263,403,ke,157,1,0.006369427,5.883322388,0.037473391
264,404,ata,31,1,0.032258065,5.883322388,0.189784593
265,405,dan,393,1,0.002544529,5.883322388,0.014970286
266,406,warga,102,1,0.009803922,5.883322388,0.057679631
267,407,ema,33,1,0.03030303,5.883322388,0.178282497
268,408,tahun,122,1,0.008196721,5.883322388,0.048223954
269,409,ke,157,1,0.006369427,5.883322388,0.037473391
270,410,babinsa,54,1,0.018518519,5.883322388,0.108950415
271,411,koramil,47,1,0.021276596,5.883322388,0.125177072
272,413,melaksanakan,78,1,0.012820513,5.883322388,0.07542721
273,415,vaksinasi,1361,1,0.000734754,5.883322388,0.004322794
274,416,di,380,1,0.002631579,5.883322388,0.015482427
275,420,rt,464,1,0.002155172,5.883322388,0.012679574
276,421,polda,28,1,0.035714286,5.883322388,0.210118657
277,423,vaksinasi,1361,1,0.000734754,5.883322388,0.004322794
278,427,polri,43,1,0.023255814,5.883322388,0.136821451
279,428,polr,136,1,0.007352941,5.883322388,0.043259723
280,430,kota,24,1,0.041666667,5.883322388,0.245138433
281,432,target,13,1,0.076923077,5.883322388,0.452563261
282,433,vaksinasi,1361,1,0.000734754,5.883322388,0.004322794
283,434,covid,328,1,0.00304878,5.883322388,0.017936959
284,435,bagi,70,1,0.014285714,5.883322388,0.084047463
285,436,anak,265,1,0.003773585,5.883322388,0.022201217
286,437,rt,464,1,0.002155172,5.883322388,0.012679574
287,438,umat,26,1,0.038461538,5.883322388,0.22628163
288,439,islam,28,1,0.035714286,5.883322388,0.210118657
289,440,diam,24,1,0.041666667,5.883322388,0.245138433
290,441,saat,47,1,0.021276596,5.883322388,0.125177072
291,442,nataru,24,1,0.041666667,5.883322388,0.245138433
292,443,ppkm,25,1,0.04,5.883322388,0.235332896
293,444,dihapus,24,1,0.041666667,5.883322388,0.245138433
294,445,desjan,24,1,0.041666667,5.883322388,0.245138433
295,446,imlek,24,1,0.041666667,5.883322388,0.245138433
296,447,china,24,1,0.041666667,5.883322388,0.245138433
297,448,beba,25,1,0.04,5.883322388,0.235332896
298,449,amp,49,1,0.020408163,5.883322388,0.120067804
299,450,tni,42,1,0.023809524,5.883322388,0.140079104
300,451,polri,43,1,0.023255814,5.883322388,0.136821451
301,452,jadi,79,1,0.012658228,5.883322388,0.074472435
302,453,babu,24,1,0.041666667,5.883322388,0.245138433
303,454,bersihkan,24,1,0.041666667,5.883322388,0.245138433
304,455,klente,24,1,0.041666667,5.883322388,0.245138433
305,456,vaksin,244,1,0.004098361,5.883322388,0.024111977
306,457,sinovac,115,1,0.008695652,5.883322388,0.051159325
307,458,dosi,106,1,0.009433962,5.883322388,0.055503041
308,462,vaksinasi,1361,1,0.000734754,5.883322388,0.004322794
309,463,anak,265,1,0.003773585,5.883322388,0.022201217
310,465,dukung,23,1,0.043478261,5.883322388,0.255796626
311,466,program,41,1,0.024390244,5.883322388,0.143495668
312,467,vaksinasi,1361,1,0.000734754,5.883322388,0.004322794
313,468,anak,265,1,0.003773585,5.883322388,0.022201217
314,469,ayo,65,1,0.015384615,5.883322388,0.090512652
315,470,sukseskan,28,1,0.035714286,5.883322388,0.210118657
316,471,percepatan,71,1,0.014084507,5.883322388,0.082863696
317,472,vaksinasi,1361,1,0.000734754,5.883322388,0.004322794
318,473,di,380,1,0.002631579,5.883322388,0.015482427
319,474,kabupaten,23,1,0.043478261,5.883322388,0.255796626
320,476,guna,17,1,0.058823529,5.883322388,0.346077788
321,478,rt,464,1,0.002155172,5.883322388,0.012679574
322,479,dianggarkan,41,1,0.024390244,5.883322388,0.143495668
323,480,juta,66,1,0.015151515,5.883322388,0.089141248
324,481,rakyat,43,1,0.023255814,5.883322388,0.136821451
325,482,malaysia,125,1,0.008,5.883322388,0.047066579
326,483,akan,58,1,0.017241379,5.883322388,0.101436593
327,484,kehilangan,92,1,0.010869565,5.883322388,0.063949156
328,485,status,127,1,0.007874016,5.883322388,0.046325373
329,486,vaksin,244,1,0.004098361,5.883322388,0.024111977
330,487,lengkap,120,1,0.008333333,5.883322388,0.049027687
331,488,menjelang,42,1,0.023809524,5.883322388,0.140079104
332,489,mac,45,1,0.022222222,5.883322388,0.130740498
333,490,jangan,62,1,0.016129032,5.883322388,0.094892297
334,491,kehilangan,92,1,0.010869565,5.883322388,0.063949156
335,492,status,127,1,0.007874016,5.883322388,0.046325373
336,493,vak,25,1,0.04,5.883322388,0.235332896
337,494,rt,464,1,0.002155172,5.883322388,0.012679574
338,495,bermula,50,1,0.02,5.883322388,0.117666448
339,496,april,63,1,0.015873016,5.883322388,0.09338607
340,497,status,127,1,0.007874016,5.883322388,0.046325373
341,498,vaksinasi,1361,1,0.000734754,5.883322388,0.004322794
342,499,untuk,271,1,0.003690037,5.883322388,0.021709677
343,500,penerima,39,1,0.025641026,5.883322388,0.15085442
344,501,vaksin,244,1,0.004098361,5.883322388,0.024111977
345,502,primer,32,1,0.03125,5.883322388,0.183853825
346,503,sinovac,115,1,0.008695652,5.883322388,0.051159325
347,504,tahun,122,1,0.008196721,5.883322388,0.048223954
348,505,ke,157,1,0.006369427,5.883322388,0.037473391
349,506,ata,31,1,0.032258065,5.883322388,0.189784593
350,507,dan,393,1,0.002544529,5.883322388,0.014970286
351,508,warga,102,1,0.009803922,5.883322388,0.057679631
352,509,ema,33,1,0.03030303,5.883322388,0.178282497
353,510,tahun,122,1,0.008196721,5.883322388,0.048223954
354,511,ke,157,1,0.006369427,5.883322388,0.037473391
355,512,rt,464,1,0.002155172,5.883322388,0.012679574
356,513,dianggarkan,41,1,0.024390244,5.883322388,0.143495668
357,514,juta,66,1,0.015151515,5.883322388,0.089141248
358,515,rakyat,43,1,0.023255814,5.883322388,0.136821451
359,516,malaysia,125,1,0.008,5.883322388,0.047066579
360,517,akan,58,1,0.017241379,5.883322388,0.101436593
361,518,kehilangan,92,1,0.010869565,5.883322388,0.063949156
362,519,status,127,1,0.007874016,5.883322388,0.046325373
363,520,vaksin,244,1,0.004098361,5.883322388,0.024111977
364,521,lengkap,120,1,0.008333333,5.883322388,0.049027687
365,522,menjelang,42,1,0.023809524,5.883322388,0.140079104
366,523,mac,45,1,0.022222222,5.883322388,0.130740498
367,524,jangan,62,1,0.016129032,5.883322388,0.094892297
368,525,kehilangan,92,1,0.010869565,5.883322388,0.063949156
369,526,stat,25,1,0.04,5.883322388,0.235332896
370,527,untuk,271,1,0.003690037,5.883322388,0.021709677
371,528,vaksinasi,1361,1,0.000734754,5.883322388,0.004322794
372,529,dosi,106,1,0.009433962,5.883322388,0.055503041
373,530,lengkap,120,1,0.008333333,5.883322388,0.049027687
374,531,di,380,1,0.002631579,5.883322388,0.015482427
375,532,kabupaten,23,1,0.043478261,5.883322388,0.255796626
376,533,bekasi,17,1,0.058823529,5.883322388,0.346077788
377,537,komisi,12,1,0.083333333,5.883322388,0.490276866
378,539,dpr,12,1,0.083333333,5.883322388,0.490276866
379,541,vaksin,244,1,0.004098361,5.883322388,0.024111977
380,542,booster,719,1,0.001390821,5.883322388,0.008182646
381,543,jadi,79,1,0.012658228,5.883322388,0.074472435
382,544,syarat,73,1,0.01369863,5.883322388,0.080593457
383,545,mudik,561,1,0.001782531,5.883322388,0.010487206
384,546,lebaran,77,1,0.012987013,5.883322388,0.076406784
385,547,dorong,17,1,0.058823529,5.883322388,0.346077788
386,548,percepatan,71,1,0.014084507,5.883322388,0.082863696
387,549,vaksinasi,1361,1,0.000734754,5.883322388,0.004322794
388,550,rt,464,1,0.002155172,5.883322388,0.012679574
389,552,telah,38,1,0.026315789,5.883322388,0.154824273
390,554,vaksinasi,1361,1,0.000734754,5.883322388,0.004322794
391,556,covid,328,1,0.00304878,5.883322388,0.017936959
392,557,dan,393,1,0.002544529,5.883322388,0.014970286
393,559,telah,38,1,0.026315789,5.883322388,0.154824273
394,561,semua,22,1,0.045454545,5.883322388,0.267423745
395,563,dan,393,1,0.002544529,5.883322388,0.014970286
396,564,melakukan,47,1,0.021276596,5.883322388,0.125177072
397,565,rt,464,1,0.002155172,5.883322388,0.012679574
398,566,disiplin,34,1,0.029411765,5.883322388,0.173038894
399,567,proke,42,1,0.023809524,5.883322388,0.140079104
400,569,dengan,123,1,0.008130081,5.883322388,0.047831889
401,570,memakai,12,1,0.083333333,5.883322388,0.490276866
402,572,untuk,271,1,0.003690037,5.883322388,0.021709677
403,573,mencegah,31,1,0.032258065,5.883322388,0.189784593
404,575,penularan,36,1,0.027777778,5.883322388,0.163425622
405,576,serta,38,1,0.026315789,5.883322388,0.154824273
406,577,tingkatkan,13,1,0.076923077,5.883322388,0.452563261
407,578,imunita,26,1,0.038461538,5.883322388,0.22628163
408,579,tubuh,25,1,0.04,5.883322388,0.235332896
409,581,pelaksanaan,47,1,0.021276596,5.883322388,0.125177072
410,582,vaksinasi,1361,1,0.000734754,5.883322388,0.004322794
411,583,massal,33,1,0.03030303,5.883322388,0.178282497
412,584,polr,136,1,0.007352941,5.883322388,0.043259723
413,586,dalam,56,1,0.017857143,5.883322388,0.105059328
414,588,percepatan,71,1,0.014084507,5.883322388,0.082863696
415,589,vaksin,244,1,0.004098361,5.883322388,0.024111977
416,590,di,380,1,0.002631579,5.883322388,0.015482427
417,592,dilakukan,16,1,0.0625,5.883322388,0.367707649
418,594,meski,13,1,0.076923077,5.883322388,0.452563261
419,595,begitu,13,1,0.076923077,5.883322388,0.452563261
420,596,ganjar,15,1,0.066666667,5.883322388,0.392221493
421,597,memastikan,16,1,0.0625,5.883322388,0.367707649
422,598,seluruh,39,1,0.025641026,5.883322388,0.15085442
423,599,jajarannya,15,1,0.066666667,5.883322388,0.392221493
424,600,untuk,271,1,0.003690037,5.883322388,0.021709677
425,601,siaga,15,1,0.066666667,5.883322388,0.392221493
426,602,dan,393,1,0.002544529,5.883322388,0.014970286
427,603,terus,85,1,0.011764706,5.883322388,0.069215558
428,604,mengikuti,31,1,0.032258065,5.883322388,0.189784593
429,605,perkembangan,15,1,0.066666667,5.883322388,0.392221493
430,606,situasi,16,1,0.0625,5.883322388,0.367707649
431,607,covid,328,1,0.00304878,5.883322388,0.017936959
432,609,kegiatan,77,1,0.012987013,5.883322388,0.076406784
433,612,vaksinasi,1361,1,0.000734754,5.883322388,0.004322794
434,613,massal,33,1,0.03030303,5.883322388,0.178282497
435,614,serentak,71,1,0.014084507,5.883322388,0.082863696
436,615,seluruh,39,1,0.025641026,5.883322388,0.15085442
437,616,indonesia,140,1,0.007142857,5.883322388,0.042023731
438,617,yang,176,1,0.005681818,5.883322388,0.033427968
439,619,oleh,11,1,0.090909091,5.883322388,0.53484749
440,620,kabaintelkam,13,1,0.076923077,5.883322388,0.452563261
441,621,polri,43,1,0.023255814,5.883322388,0.136821451
442,623,vaksinasi,1361,1,0.000734754,5.883322388,0.004322794
443,624,booster,719,1,0.001390821,5.883322388,0.008182646
444,625,di,380,1,0.002631579,5.883322388,0.015482427
445,626,kabupaten,23,1,0.043478261,5.883322388,0.255796626
446,627,bekasi,17,1,0.058823529,5.883322388,0.346077788
447,628,sudah,152,1,0.006578947,5.883322388,0.038706068
448,629,rt,464,1,0.002155172,5.883322388,0.012679574
449,630,sejumlah,14,1,0.071428571,5.883322388,0.420237313
450,631,program,41,1,0.024390244,5.883322388,0.143495668
451,632,vaksinasi,1361,1,0.000734754,5.883322388,0.004322794
452,633,covid,328,1,0.00304878,5.883322388,0.017936959
453,634,booster,719,1,0.001390821,5.883322388,0.008182646
454,635,dki,16,1,0.0625,5.883322388,0.367707649
455,638,minyak,19,1,0.052631579,5.883322388,0.309648547
456,639,goreng,18,1,0.055555556,5.883322388,0.326851244
457,644,di,380,1,0.002631579,5.883322388,0.015482427
458,645,lokasi,16,1,0.0625,5.883322388,0.367707649
459,647,rt,464,1,0.002155172,5.883322388,0.012679574
460,648,vaksinasi,1361,1,0.000734754,5.883322388,0.004322794
461,649,serentak,71,1,0.014084507,5.883322388,0.082863696
462,650,di,380,1,0.002631579,5.883322388,0.015482427
463,653,polr,136,1,0.007352941,5.883322388,0.043259723
464,657,kompol,11,1,0.090909091,5.883322388,0.53484749
465,662,sik,21,1,0.047619048,5.883322388,0.280158209
466,663,melakukan,47,1,0.021276596,5.883322388,0.125177072
467,665,vaksinasi,1361,1,0.000734754,5.883322388,0.004322794
468,666,yang,176,1,0.005681818,5.883322388,0.033427968
469,668,di,380,1,0.002631579,5.883322388,0.015482427
470,669,pt,13,1,0.076923077,5.883322388,0.452563261
471,671,kita,24,1,0.041666667,5.883322388,0.245138433
472,672,harus,11,1,0.090909091,5.883322388,0.53484749
473,675,mengikuti,31,1,0.032258065,5.883322388,0.189784593
474,676,perkembangan,15,1,0.066666667,5.883322388,0.392221493
475,679,satu,21,1,0.047619048,5.883322388,0.280158209
476,681,yang,176,1,0.005681818,5.883322388,0.033427968
477,682,kita,24,1,0.041666667,5.883322388,0.245138433
478,684,adalah,21,1,0.047619048,5.883322388,0.280158209
479,685,meningkatkan,32,1,0.03125,5.883322388,0.183853825
480,687,polsek,75,1,0.013333333,5.883322388,0.078444299
481,689,polr,136,1,0.007352941,5.883322388,0.043259723
482,691,polda,28,1,0.035714286,5.883322388,0.210118657
483,692,jawa,27,1,0.037037037,5.883322388,0.217900829
484,693,barat,27,1,0.037037037,5.883322388,0.217900829
485,695,kegiatan,77,1,0.012987013,5.883322388,0.076406784
486,696,vaksinasi,1361,1,0.000734754,5.883322388,0.004322794
487,697,di,380,1,0.002631579,5.883322388,0.015482427
488,700,timur,12,1,0.083333333,5.883322388,0.490276866
489,701,ada,46,1,0.02173913,5.883322388,0.127898313
490,709,belum,16,1,0.0625,5.883322388,0.367707649
491,710,ikut,33,1,0.03030303,5.883322388,0.178282497
492,712,warga,102,1,0.009803922,5.883322388,0.057679631
493,713,yang,176,1,0.005681818,5.883322388,0.033427968
494,714,belum,16,1,0.0625,5.883322388,0.367707649
495,715,vaksinasi,1361,1,0.000734754,5.883322388,0.004322794
496,716,booster,719,1,0.001390821,5.883322388,0.008182646
497,718,rt,464,1,0.002155172,5.883322388,0.012679574
498,719,ada,46,1,0.02173913,5.883322388,0.127898313
499,721,baik,22,1,0.045454545,5.883322388,0.267423745
500,722,nih,13,1,0.076923077,5.883322388,0.452563261
501,726,kembali,20,1,0.05,5.883322388,0.294166119
502,728,vaksinasi,1361,1,0.000734754,5.883322388,0.004322794
503,729,booster,719,1,0.001390821,5.883322388,0.008182646
504,730,nih,13,1,0.076923077,5.883322388,0.452563261
505,731,vaksinasi,1361,1,0.000734754,5.883322388,0.004322794
506,733,pada,38,1,0.026315789,5.883322388,0.154824273
507,735,dan,393,1,0.002544529,5.883322388,0.014970286
508,737,rt,464,1,0.002155172,5.883322388,0.012679574
509,738,malaysia,125,1,0.008,5.883322388,0.047066579
510,739,dan,393,1,0.002544529,5.883322388,0.014970286
511,743,sudah,152,1,0.006578947,5.883322388,0.038706068
512,746,untuk,271,1,0.003690037,5.883322388,0.021709677
513,751,negara,11,1,0.090909091,5.883322388,0.53484749
514,752,bagi,70,1,0.014285714,5.883322388,0.084047463
515,755,sejumlah,14,1,0.071428571,5.883322388,0.420237313
516,756,program,41,1,0.024390244,5.883322388,0.143495668
517,757,vaksinasi,1361,1,0.000734754,5.883322388,0.004322794
518,758,covid,328,1,0.00304878,5.883322388,0.017936959
519,759,booster,719,1,0.001390821,5.883322388,0.008182646
520,760,dki,16,1,0.0625,5.883322388,0.367707649
521,763,minyak,19,1,0.052631579,5.883322388,0.309648547
522,764,goreng,18,1,0.055555556,5.883322388,0.326851244
523,769,di,380,1,0.002631579,5.883322388,0.015482427
524,771,satga,33,1,0.03030303,5.883322388,0.178282497
525,772,covid,328,1,0.00304878,5.883322388,0.017936959
526,773,vaksinasi,1361,1,0.000734754,5.883322388,0.004322794
527,774,booster,719,1,0.001390821,5.883322388,0.008182646
528,775,masih,29,1,0.034482759,5.883322388,0.202873186
529,778,masyarakat,125,1,0.008,5.883322388,0.047066579
530,780,vaksin,244,1,0.004098361,5.883322388,0.024111977
531,781,rt,464,1,0.002155172,5.883322388,0.012679574
532,783,sd,11,1,0.090909091,5.883322388,0.53484749
533,784,di,380,1,0.002631579,5.883322388,0.015482427
534,787,kurang,24,1,0.041666667,5.883322388,0.245138433
535,788,dari,59,1,0.016949153,5.883322388,0.099717329
536,791,vaksinasi,1361,1,0.000734754,5.883322388,0.004322794
537,792,rt,464,1,0.002155172,5.883322388,0.012679574
538,793,penerbangan,73,1,0.01369863,5.883322388,0.080593457
539,794,ke,157,1,0.006369427,5.883322388,0.037473391
540,795,malaysia,125,1,0.008,5.883322388,0.047066579
541,796,sudah,152,1,0.006578947,5.883322388,0.038706068
542,797,dibuka,75,1,0.013333333,5.883322388,0.078444299
543,798,tapi,77,1,0.012987013,5.883322388,0.076406784
544,799,perlu,80,1,0.0125,5.883322388,0.07354153
545,800,diingat,73,1,0.01369863,5.883322388,0.080593457
546,801,bahwa,76,1,0.013157895,5.883322388,0.077412137
547,802,vaksin,244,1,0.004098361,5.883322388,0.024111977
548,803,indonesia,140,1,0.007142857,5.883322388,0.042023731
549,804,awal,74,1,0.013513514,5.883322388,0.079504357
550,805,banyak,76,1,0.013157895,5.883322388,0.077412137
551,806,yang,176,1,0.005681818,5.883322388,0.033427968
552,807,sinovac,115,1,0.008695652,5.883322388,0.051159325
553,808,berikut,97,1,0.010309278,5.883322388,0.060652808
554,809,ketentuan,72,1,0.013888889,5.883322388,0.081712811
555,810,rt,464,1,0.002155172,5.883322388,0.012679574
556,811,vaksinasi,1361,1,0.000734754,5.883322388,0.004322794
557,812,boost,19,1,0.052631579,5.883322388,0.309648547
558,813,tampaknya,16,1,0.0625,5.883322388,0.367707649
559,814,kurang,24,1,0.041666667,5.883322388,0.245138433
560,815,diminati,16,1,0.0625,5.883322388,0.367707649
561,816,warga,102,1,0.009803922,5.883322388,0.057679631
562,817,rt,464,1,0.002155172,5.883322388,0.012679574
563,818,umat,26,1,0.038461538,5.883322388,0.22628163
564,819,islam,28,1,0.035714286,5.883322388,0.210118657
565,820,diam,24,1,0.041666667,5.883322388,0.245138433
566,821,saat,47,1,0.021276596,5.883322388,0.125177072
567,822,nataru,24,1,0.041666667,5.883322388,0.245138433
568,823,ppkm,25,1,0.04,5.883322388,0.235332896
569,824,dihapus,24,1,0.041666667,5.883322388,0.245138433
570,825,desjan,24,1,0.041666667,5.883322388,0.245138433
571,826,imlek,24,1,0.041666667,5.883322388,0.245138433
572,827,china,24,1,0.041666667,5.883322388,0.245138433
573,828,beba,25,1,0.04,5.883322388,0.235332896
574,829,amp,49,1,0.020408163,5.883322388,0.120067804
575,830,tni,42,1,0.023809524,5.883322388,0.140079104
576,831,polri,43,1,0.023255814,5.883322388,0.136821451
577,832,jadi,79,1,0.012658228,5.883322388,0.074472435
578,833,babu,24,1,0.041666667,5.883322388,0.245138433
579,834,bersihkan,24,1,0.041666667,5.883322388,0.245138433
580,835,klente,24,1,0.041666667,5.883322388,0.245138433
581,836,anggota,38,1,0.026315789,5.883322388,0.154824273
582,837,koramil,47,1,0.021276596,5.883322388,0.125177072
583,839,melaksanakan,78,1,0.012820513,5.883322388,0.07542721
584,841,dengan,123,1,0.008130081,5.883322388,0.047831889
585,843,desa,37,1,0.027027027,5.883322388,0.159008713
586,844,dan,393,1,0.002544529,5.883322388,0.014970286
587,846,desa,37,1,0.027027027,5.883322388,0.159008713
588,848,tentang,17,1,0.058823529,5.883322388,0.346077788
589,850,vaksinasi,1361,1,0.000734754,5.883322388,0.004322794
590,851,serentak,71,1,0.014084507,5.883322388,0.082863696
591,854,penyebaran,11,1,0.090909091,5.883322388,0.53484749
592,855,virus,22,1,0.045454545,5.883322388,0.267423745
593,856,covid,328,1,0.00304878,5.883322388,0.017936959
594,858,ramadhan,44,1,0.022727273,5.883322388,0.133711872
595,859,dan,393,1,0.002544529,5.883322388,0.014970286
596,860,hari,19,1,0.052631579,5.883322388,0.309648547
597,861,raya,13,1,0.076923077,5.883322388,0.452563261
598,862,polr,136,1,0.007352941,5.883322388,0.043259723
599,864,bhabinkamtibma,31,1,0.032258065,5.883322388,0.189784593
600,865,desa,37,1,0.027027027,5.883322388,0.159008713
601,871,bersama,83,1,0.012048193,5.883322388,0.070883402
602,873,desa,37,1,0.027027027,5.883322388,0.159008713
603,874,melaksanakan,78,1,0.012820513,5.883322388,0.07542721
604,875,pengamanan,18,1,0.055555556,5.883322388,0.326851244
605,876,kegiatan,77,1,0.012987013,5.883322388,0.076406784
606,877,giat,23,1,0.043478261,5.883322388,0.255796626
607,878,vaksinasi,1361,1,0.000734754,5.883322388,0.004322794
608,881,dan,393,1,0.002544529,5.883322388,0.014970286
609,882,iii,15,1,0.066666667,5.883322388,0.392221493
610,884,di,380,1,0.002631579,5.883322388,0.015482427
611,885,wilayah,11,1,0.090909091,5.883322388,0.53484749
612,886,desa,37,1,0.027027027,5.883322388,0.159008713
613,888,polsek,75,1,0.013333333,5.883322388,0.078444299
614,890,bersama,83,1,0.012048193,5.883322388,0.070883402
615,892,gelar,25,1,0.04,5.883322388,0.235332896
616,893,vaksinasi,1361,1,0.000734754,5.883322388,0.004322794
617,894,booster,719,1,0.001390821,5.883322388,0.008182646
618,897,warga,102,1,0.009803922,5.883322388,0.057679631
619,899,ikut,33,1,0.03030303,5.883322388,0.178282497
620,900,vaksinasi,1361,1,0.000734754,5.883322388,0.004322794
621,903,vaksinasi,1361,1,0.000734754,5.883322388,0.004322794
622,904,yang,176,1,0.005681818,5.883322388,0.033427968
623,906,binda,12,1,0.083333333,5.883322388,0.490276866
624,910,masyarakat,125,1,0.008,5.883322388,0.047066579
625,911,babinsa,54,1,0.018518519,5.883322388,0.108950415
626,912,koramil,47,1,0.021276596,5.883322388,0.125177072
627,914,bersama,83,1,0.012048193,5.883322388,0.070883402
628,915,bhabinkamtibma,31,1,0.032258065,5.883322388,0.189784593
629,916,dampingi,25,1,0.04,5.883322388,0.235332896
630,918,kesehatan,94,1,0.010638298,5.883322388,0.062588536
631,919,melaksanakan,78,1,0.012820513,5.883322388,0.07542721
632,920,vaksinasi,1361,1,0.000734754,5.883322388,0.004322794
633,921,di,380,1,0.002631579,5.883322388,0.015482427
634,923,vaksinasi,1361,1,0.000734754,5.883322388,0.004322794
635,924,serentak,71,1,0.014084507,5.883322388,0.082863696
636,925,seluruh,39,1,0.025641026,5.883322388,0.15085442
637,926,indonesia,140,1,0.007142857,5.883322388,0.042023731
638,929,oleh,11,1,0.090909091,5.883322388,0.53484749
639,932,polri,43,1,0.023255814,5.883322388,0.136821451
640,933,vaksinasi,1361,1,0.000734754,5.883322388,0.004322794
641,934,serentak,71,1,0.014084507,5.883322388,0.082863696
642,937,penyebaran,11,1,0.090909091,5.883322388,0.53484749
643,938,virus,22,1,0.045454545,5.883322388,0.267423745
644,939,covid,328,1,0.00304878,5.883322388,0.017936959
645,941,ramadhan,44,1,0.022727273,5.883322388,0.133711872
646,942,dan,393,1,0.002544529,5.883322388,0.014970286
647,943,hari,19,1,0.052631579,5.883322388,0.309648547
648,944,raya,13,1,0.076923077,5.883322388,0.452563261
649,945,polr,136,1,0.007352941,5.883322388,0.043259723
650,949,pt,13,1,0.076923077,5.883322388,0.452563261
651,952,ikuti,19,1,0.052631579,5.883322388,0.309648547
652,953,vaksinasi,1361,1,0.000734754,5.883322388,0.004322794
653,954,booster,719,1,0.001390821,5.883322388,0.008182646
654,958,berikut,97,1,0.010309278,5.883322388,0.060652808
655,959,ini,94,1,0.010638298,5.883322388,0.062588536
656,962,amp,49,1,0.020408163,5.883322388,0.120067804
657,966,vaksinasi,1361,1,0.000734754,5.883322388,0.004322794
658,967,bersama,83,1,0.012048193,5.883322388,0.070883402
659,968,babinsa,54,1,0.018518519,5.883322388,0.108950415
660,969,koramil,47,1,0.021276596,5.883322388,0.125177072
661,971,dampingi,25,1,0.04,5.883322388,0.235332896
662,973,kesehatan,94,1,0.010638298,5.883322388,0.062588536
663,974,melaksanakan,78,1,0.012820513,5.883322388,0.07542721
664,975,vaksinasi,1361,1,0.000734754,5.883322388,0.004322794
665,976,di,380,1,0.002631579,5.883322388,0.015482427
666,977,kel,11,1,0.090909091,5.883322388,0.53484749
667,979,kec,15,1,0.066666667,5.883322388,0.392221493
668,982,rt,464,1,0.002155172,5.883322388,0.012679574
669,983,bermula,50,1,0.02,5.883322388,0.117666448
670,984,april,63,1,0.015873016,5.883322388,0.09338607
671,985,status,127,1,0.007874016,5.883322388,0.046325373
672,986,vaksinasi,1361,1,0.000734754,5.883322388,0.004322794
673,987,untuk,271,1,0.003690037,5.883322388,0.021709677
674,988,penerima,39,1,0.025641026,5.883322388,0.15085442
675,989,vaksin,244,1,0.004098361,5.883322388,0.024111977
676,990,primer,32,1,0.03125,5.883322388,0.183853825
677,991,sinovac,115,1,0.008695652,5.883322388,0.051159325
678,992,tahun,122,1,0.008196721,5.883322388,0.048223954
679,993,ke,157,1,0.006369427,5.883322388,0.037473391
680,994,ata,31,1,0.032258065,5.883322388,0.189784593
681,995,dan,393,1,0.002544529,5.883322388,0.014970286
682,996,warga,102,1,0.009803922,5.883322388,0.057679631
683,997,ema,33,1,0.03030303,5.883322388,0.178282497
684,998,tahun,122,1,0.008196721,5.883322388,0.048223954
685,999,ke,157,1,0.006369427,5.883322388,0.037473391
686,1000,vaksinasi,1361,1,0.000734754,5.883322388,0.004322794
687,1001,serentak,71,1,0.014084507,5.883322388,0.082863696
688,1004,penyebaran,11,1,0.090909091,5.883322388,0.53484749
689,1005,virus,22,1,0.045454545,5.883322388,0.267423745
690,1006,covid,328,1,0.00304878,5.883322388,0.017936959
691,1008,ramadhan,44,1,0.022727273,5.883322388,0.133711872
692,1009,dan,393,1,0.002544529,5.883322388,0.014970286
693,1010,hari,19,1,0.052631579,5.883322388,0.309648547
694,1011,raya,13,1,0.076923077,5.883322388,0.452563261
695,1012,polr,136,1,0.007352941,5.883322388,0.043259723
696,1014,kegiatan,77,1,0.012987013,5.883322388,0.076406784
697,1015,vaksinasi,1361,1,0.000734754,5.883322388,0.004322794
698,1016,covid,328,1,0.00304878,5.883322388,0.017936959
699,1018,massal,33,1,0.03030303,5.883322388,0.178282497
700,1019,di,380,1,0.002631579,5.883322388,0.015482427
701,1020,lokasi,16,1,0.0625,5.883322388,0.367707649
702,1023,jawa,27,1,0.037037037,5.883322388,0.217900829
703,1029,polsek,75,1,0.013333333,5.883322388,0.078444299
704,1032,kel,11,1,0.090909091,5.883322388,0.53484749
705,1038,giat,23,1,0.043478261,5.883322388,0.255796626
706,1039,vaksinasi,1361,1,0.000734754,5.883322388,0.004322794
707,1040,anak,265,1,0.003773585,5.883322388,0.022201217
708,1043,vaksinasi,1361,1,0.000734754,5.883322388,0.004322794
709,1044,kodim,24,1,0.041666667,5.883322388,0.245138433
710,1046,kepada,27,1,0.037037037,5.883322388,0.217900829
711,1051,kec,15,1,0.066666667,5.883322388,0.392221493
712,1053,kab,22,1,0.045454545,5.883322388,0.267423745
713,1055,rt,464,1,0.002155172,5.883322388,0.012679574
714,1057,orang,37,1,0.027027027,5.883322388,0.159008713
715,1058,di,380,1,0.002631579,5.883322388,0.015482427
716,1059,seluruh,39,1,0.025641026,5.883322388,0.15085442
717,1060,dunia,25,1,0.04,5.883322388,0.235332896
718,1061,sudah,152,1,0.006578947,5.883322388,0.038706068
719,1063,vaksinasi,1361,1,0.000734754,5.883322388,0.004322794
720,1064,dari,59,1,0.016949153,5.883322388,0.099717329
721,1069,masih,29,1,0.034482759,5.883322388,0.202873186
722,1072,ini,94,1,0.010638298,5.883322388,0.062588536
723,1074,rt,464,1,0.002155172,5.883322388,0.012679574
724,1076,sd,11,1,0.090909091,5.883322388,0.53484749
725,1077,di,380,1,0.002631579,5.883322388,0.015482427
726,1080,kurang,24,1,0.041666667,5.883322388,0.245138433
727,1081,dari,59,1,0.016949153,5.883322388,0.099717329
728,1084,vaksinasi,1361,1,0.000734754,5.883322388,0.004322794
729,1085,rt,464,1,0.002155172,5.883322388,0.012679574
730,1086,disiplin,34,1,0.029411765,5.883322388,0.173038894
731,1087,proke,42,1,0.023809524,5.883322388,0.140079104
732,1089,dengan,123,1,0.008130081,5.883322388,0.047831889
733,1090,memakai,12,1,0.083333333,5.883322388,0.490276866
734,1092,untuk,271,1,0.003690037,5.883322388,0.021709677
735,1093,mencegah,31,1,0.032258065,5.883322388,0.189784593
736,1095,penularan,36,1,0.027777778,5.883322388,0.163425622
737,1096,serta,38,1,0.026315789,5.883322388,0.154824273
738,1097,tingkatkan,13,1,0.076923077,5.883322388,0.452563261
739,1098,imunita,26,1,0.038461538,5.883322388,0.22628163
740,1099,tubuh,25,1,0.04,5.883322388,0.235332896
741,1101,babinsa,54,1,0.018518519,5.883322388,0.108950415
742,1107,melaksanakan,78,1,0.012820513,5.883322388,0.07542721
743,1109,vaksinasi,1361,1,0.000734754,5.883322388,0.004322794
744,1110,dosi,106,1,0.009433962,5.883322388,0.055503041
745,1111,booster,719,1,0.001390821,5.883322388,0.008182646
746,1114,kepada,27,1,0.037037037,5.883322388,0.217900829
747,1116,vaksinasi,1361,1,0.000734754,5.883322388,0.004322794
748,1117,covid,328,1,0.00304878,5.883322388,0.017936959
749,1118,terbukti,18,1,0.055555556,5.883322388,0.326851244
750,1119,aman,449,1,0.002227171,5.883322388,0.013103168
751,1120,demi,53,1,0.018867925,5.883322388,0.111006083
752,1122,herd,104,1,0.009615385,5.883322388,0.056570408
753,1123,immun,99,1,0.01010101,5.883322388,0.059427499
754,1126,yang,176,1,0.005681818,5.883322388,0.033427968
755,1130,ada,46,1,0.02173913,5.883322388,0.127898313
756,1132,vaksinasi,1361,1,0.000734754,5.883322388,0.004322794
757,1135,dan,393,1,0.002544529,5.883322388,0.014970286
758,1141,kapolr,44,1,0.022727273,5.883322388,0.133711872
759,1143,timur,12,1,0.083333333,5.883322388,0.490276866
760,1144,tinjau,12,1,0.083333333,5.883322388,0.490276866
761,1145,vaksinasi,1361,1,0.000734754,5.883322388,0.004322794
762,1146,serentak,71,1,0.014084507,5.883322388,0.082863696
763,1147,rt,464,1,0.002155172,5.883322388,0.012679574
764,1148,dua,18,1,0.055555556,5.883322388,0.326851244
765,1149,juta,66,1,0.015151515,5.883322388,0.089141248
766,1150,penerima,39,1,0.025641026,5.883322388,0.15085442
767,1151,sinovac,115,1,0.008695652,5.883322388,0.051159325
768,1154,status,127,1,0.007874016,5.883322388,0.046325373
769,1155,vaksinasi,1361,1,0.000734754,5.883322388,0.004322794
770,1156,lengkap,120,1,0.008333333,5.883322388,0.049027687
771,1157,april,63,1,0.015873016,5.883322388,0.09338607
772,1158,rt,464,1,0.002155172,5.883322388,0.012679574
773,1159,penerbangan,73,1,0.01369863,5.883322388,0.080593457
774,1160,ke,157,1,0.006369427,5.883322388,0.037473391
775,1161,malaysia,125,1,0.008,5.883322388,0.047066579
776,1162,sudah,152,1,0.006578947,5.883322388,0.038706068
777,1163,dibuka,75,1,0.013333333,5.883322388,0.078444299
778,1164,tapi,77,1,0.012987013,5.883322388,0.076406784
779,1165,perlu,80,1,0.0125,5.883322388,0.07354153
780,1166,diingat,73,1,0.01369863,5.883322388,0.080593457
781,1167,bahwa,76,1,0.013157895,5.883322388,0.077412137
782,1168,vaksin,244,1,0.004098361,5.883322388,0.024111977
783,1169,indonesia,140,1,0.007142857,5.883322388,0.042023731
784,1170,awal,74,1,0.013513514,5.883322388,0.079504357
785,1171,banyak,76,1,0.013157895,5.883322388,0.077412137
786,1172,yang,176,1,0.005681818,5.883322388,0.033427968
787,1173,sinovac,115,1,0.008695652,5.883322388,0.051159325
788,1174,berikut,97,1,0.010309278,5.883322388,0.060652808
789,1175,ketentuan,72,1,0.013888889,5.883322388,0.081712811
790,1176,rt,464,1,0.002155172,5.883322388,0.012679574
791,1177,disiplin,34,1,0.029411765,5.883322388,0.173038894
792,1178,proke,42,1,0.023809524,5.883322388,0.140079104
793,1180,dengan,123,1,0.008130081,5.883322388,0.047831889
794,1181,memakai,12,1,0.083333333,5.883322388,0.490276866
795,1183,untuk,271,1,0.003690037,5.883322388,0.021709677
796,1184,mencegah,31,1,0.032258065,5.883322388,0.189784593
797,1186,penularan,36,1,0.027777778,5.883322388,0.163425622
798,1187,serta,38,1,0.026315789,5.883322388,0.154824273
799,1188,tingkatkan,13,1,0.076923077,5.883322388,0.452563261
800,1189,imunita,26,1,0.038461538,5.883322388,0.22628163
801,1190,tubuh,25,1,0.04,5.883322388,0.235332896
802,1192,babinsa,54,1,0.018518519,5.883322388,0.108950415
803,1193,koramil,47,1,0.021276596,5.883322388,0.125177072
804,1195,bersama,83,1,0.012048193,5.883322388,0.070883402
805,1196,bhabinkamtibma,31,1,0.032258065,5.883322388,0.189784593
806,1197,polsek,75,1,0.013333333,5.883322388,0.078444299
807,1199,dampingi,25,1,0.04,5.883322388,0.235332896
808,1200,pelaksanaan,47,1,0.021276596,5.883322388,0.125177072
809,1201,vaksinasi,1361,1,0.000734754,5.883322388,0.004322794
810,1203,kecamatan,21,1,0.047619048,5.883322388,0.280158209
811,1205,rt,464,1,0.002155172,5.883322388,0.012679574
812,1207,sd,11,1,0.090909091,5.883322388,0.53484749
813,1208,di,380,1,0.002631579,5.883322388,0.015482427
814,1211,kurang,24,1,0.041666667,5.883322388,0.245138433
815,1212,dari,59,1,0.016949153,5.883322388,0.099717329
816,1215,vaksinasi,1361,1,0.000734754,5.883322388,0.004322794
817,1216,rt,464,1,0.002155172,5.883322388,0.012679574
818,1218,orang,37,1,0.027027027,5.883322388,0.159008713
819,1219,di,380,1,0.002631579,5.883322388,0.015482427
820,1220,seluruh,39,1,0.025641026,5.883322388,0.15085442
821,1221,dunia,25,1,0.04,5.883322388,0.235332896
822,1222,sudah,152,1,0.006578947,5.883322388,0.038706068
823,1224,vaksinasi,1361,1,0.000734754,5.883322388,0.004322794
824,1225,dari,59,1,0.016949153,5.883322388,0.099717329
825,1230,masih,29,1,0.034482759,5.883322388,0.202873186
826,1233,ini,94,1,0.010638298,5.883322388,0.062588536
827,1235,dalam,56,1,0.017857143,5.883322388,0.105059328
828,1236,akselerasi,16,1,0.0625,5.883322388,0.367707649
829,1237,percepatan,71,1,0.014084507,5.883322388,0.082863696
830,1238,vaksinasi,1361,1,0.000734754,5.883322388,0.004322794
831,1239,covid,328,1,0.00304878,5.883322388,0.017936959
832,1240,di,380,1,0.002631579,5.883322388,0.015482427
833,1241,kota,24,1,0.041666667,5.883322388,0.245138433
834,1244,vaksinasi,1361,1,0.000734754,5.883322388,0.004322794
835,1245,serentak,71,1,0.014084507,5.883322388,0.082863696
836,1246,indonesia,140,1,0.007142857,5.883322388,0.042023731
837,1247,polr,136,1,0.007352941,5.883322388,0.043259723
838,1249,rt,464,1,0.002155172,5.883322388,0.012679574
839,1250,disiplin,34,1,0.029411765,5.883322388,0.173038894
840,1251,proke,42,1,0.023809524,5.883322388,0.140079104
841,1253,dengan,123,1,0.008130081,5.883322388,0.047831889
842,1254,memakai,12,1,0.083333333,5.883322388,0.490276866
843,1256,untuk,271,1,0.003690037,5.883322388,0.021709677
844,1257,mencegah,31,1,0.032258065,5.883322388,0.189784593
845,1259,penularan,36,1,0.027777778,5.883322388,0.163425622
846,1260,serta,38,1,0.026315789,5.883322388,0.154824273
847,1261,tingkatkan,13,1,0.076923077,5.883322388,0.452563261
848,1262,imunita,26,1,0.038461538,5.883322388,0.22628163
849,1263,tubuh,25,1,0.04,5.883322388,0.235332896
850,1265,tidak,56,1,0.017857143,5.883322388,0.105059328
851,1266,perlu,80,1,0.0125,5.883322388,0.07354153
852,1268,untuk,271,1,0.003690037,5.883322388,0.021709677
853,1269,mengikuti,31,1,0.032258065,5.883322388,0.189784593
854,1270,program,41,1,0.024390244,5.883322388,0.143495668
855,1271,vaksinasi,1361,1,0.000734754,5.883322388,0.004322794
856,1273,sudah,152,1,0.006578947,5.883322388,0.038706068
857,1274,teruji,11,1,0.090909091,5.883322388,0.53484749
858,1275,aman,449,1,0.002227171,5.883322388,0.013103168
859,1276,dan,393,1,0.002544529,5.883322388,0.014970286
860,1278,untuk,271,1,0.003690037,5.883322388,0.021709677
861,1280,vaksinasi,1361,1,0.000734754,5.883322388,0.004322794
862,1283,yang,176,1,0.005681818,5.883322388,0.033427968
863,1286,dalam,56,1,0.017857143,5.883322388,0.105059328
864,1287,upaya,11,1,0.090909091,5.883322388,0.53484749
865,1289,pandemi,29,1,0.034482759,5.883322388,0.202873186
866,1290,covid,328,1,0.00304878,5.883322388,0.017936959
867,1291,serta,38,1,0.026315789,5.883322388,0.154824273
868,1294,bagi,70,1,0.014285714,5.883322388,0.084047463
869,1295,tubuh,25,1,0.04,5.883322388,0.235332896
870,1297,sd,11,1,0.090909091,5.883322388,0.53484749
871,1298,di,380,1,0.002631579,5.883322388,0.015482427
872,1301,kurang,24,1,0.041666667,5.883322388,0.245138433
873,1302,dari,59,1,0.016949153,5.883322388,0.099717329
874,1305,vaksinasi,1361,1,0.000734754,5.883322388,0.004322794
875,1306,rt,464,1,0.002155172,5.883322388,0.012679574
876,1307,infografik,19,1,0.052631579,5.883322388,0.309648547
877,1308,berikut,97,1,0.010309278,5.883322388,0.060652808
878,1309,merupakan,17,1,0.058823529,5.883322388,0.346077788
879,1310,cara,19,1,0.052631579,5.883322388,0.309648547
880,1311,mudah,16,1,0.0625,5.883322388,0.367707649
881,1312,untuk,271,1,0.003690037,5.883322388,0.021709677
882,1313,memadam,16,1,0.0625,5.883322388,0.367707649
883,1314,cach,16,1,0.0625,5.883322388,0.367707649
884,1315,dalam,56,1,0.017857143,5.883322388,0.105059328
885,1316,aplikasi,18,1,0.055555556,5.883322388,0.326851244
886,1317,mysejahtera,17,1,0.058823529,5.883322388,0.346077788
887,1318,dengan,123,1,0.008130081,5.883322388,0.047831889
888,1319,betul,15,1,0.066666667,5.883322388,0.392221493
889,1320,bagi,70,1,0.014285714,5.883322388,0.084047463
890,1321,mendapa,16,1,0.0625,5.883322388,0.367707649
891,1322,ajak,19,1,0.052631579,5.883322388,0.309648547
892,1323,masyarakat,125,1,0.008,5.883322388,0.047066579
893,1324,vaksinasi,1361,1,0.000734754,5.883322388,0.004322794
894,1325,polr,136,1,0.007352941,5.883322388,0.043259723
895,1331,vaksinasi,1361,1,0.000734754,5.883322388,0.004322794
896,1333,di,380,1,0.002631579,5.883322388,0.015482427
897,1334,polr,136,1,0.007352941,5.883322388,0.043259723
898,1336,berhadiah,14,1,0.071428571,5.883322388,0.420237313
899,1339,kapolr,44,1,0.022727273,5.883322388,0.133711872
900,1343,vaksinasi,1361,1,0.000734754,5.883322388,0.004322794
901,1346,ikuti,19,1,0.052631579,5.883322388,0.309648547
902,1347,zoom,35,1,0.028571429,5.883322388,0.168094925
903,1348,meet,33,1,0.03030303,5.883322388,0.178282497
904,1349,vaksinasi,1361,1,0.000734754,5.883322388,0.004322794
905,1350,serentak,71,1,0.014084507,5.883322388,0.082863696
906,1352,kabaintelkam,13,1,0.076923077,5.883322388,0.452563261
907,1353,polri,43,1,0.023255814,5.883322388,0.136821451
908,1354,rt,464,1,0.002155172,5.883322388,0.012679574
909,1355,sejumlah,14,1,0.071428571,5.883322388,0.420237313
910,1356,lokasi,16,1,0.0625,5.883322388,0.367707649
911,1357,di,380,1,0.002631579,5.883322388,0.015482427
912,1358,dki,16,1,0.0625,5.883322388,0.367707649
913,1360,vaksinasi,1361,1,0.000734754,5.883322388,0.004322794
914,1361,covid,328,1,0.00304878,5.883322388,0.017936959
915,1362,booster,719,1,0.001390821,5.883322388,0.008182646
916,1363,berhadiah,14,1,0.071428571,5.883322388,0.420237313
917,1364,minyak,19,1,0.052631579,5.883322388,0.309648547
918,1365,goreng,18,1,0.055555556,5.883322388,0.326851244
919,1372,orang,37,1,0.027027027,5.883322388,0.159008713
920,1373,di,380,1,0.002631579,5.883322388,0.015482427
921,1374,seluruh,39,1,0.025641026,5.883322388,0.15085442
922,1375,dunia,25,1,0.04,5.883322388,0.235332896
923,1376,sudah,152,1,0.006578947,5.883322388,0.038706068
924,1378,vaksinasi,1361,1,0.000734754,5.883322388,0.004322794
925,1379,dari,59,1,0.016949153,5.883322388,0.099717329
926,1384,masih,29,1,0.034482759,5.883322388,0.202873186
927,1387,ini,94,1,0.010638298,5.883322388,0.062588536
928,1392,bersama,83,1,0.012048193,5.883322388,0.070883402
929,1393,pt,13,1,0.076923077,5.883322388,0.452563261
930,1395,dan,393,1,0.002544529,5.883322388,0.014970286
931,1396,polda,28,1,0.035714286,5.883322388,0.210118657
932,1398,gelar,25,1,0.04,5.883322388,0.235332896
933,1399,vaksinasi,1361,1,0.000734754,5.883322388,0.004322794
934,1400,dosi,106,1,0.009433962,5.883322388,0.055503041
935,1403,warga,102,1,0.009803922,5.883322388,0.057679631
936,1405,mudik,561,1,0.001782531,5.883322388,0.010487206
937,1406,lebaran,77,1,0.012987013,5.883322388,0.076406784
938,1409,vaksinasi,1361,1,0.000734754,5.883322388,0.004322794
939,1410,booster,719,1,0.001390821,5.883322388,0.008182646
940,1411,jadi,79,1,0.012658228,5.883322388,0.074472435
941,1412,syarat,73,1,0.01369863,5.883322388,0.080593457
942,1415,mudik,561,1,0.001782531,5.883322388,0.010487206
943,1416,lebaran,77,1,0.012987013,5.883322388,0.076406784
944,1419,vaksinasi,1361,1,0.000734754,5.883322388,0.004322794
945,1420,booster,719,1,0.001390821,5.883322388,0.008182646
946,1421,jadi,79,1,0.012658228,5.883322388,0.074472435
947,1422,syarat,73,1,0.01369863,5.883322388,0.080593457
948,1424,rt,464,1,0.002155172,5.883322388,0.012679574
949,1425,ada,46,1,0.02173913,5.883322388,0.127898313
950,1427,baik,22,1,0.045454545,5.883322388,0.267423745
951,1428,nih,13,1,0.076923077,5.883322388,0.452563261
952,1432,kembali,20,1,0.05,5.883322388,0.294166119
953,1434,vaksinasi,1361,1,0.000734754,5.883322388,0.004322794
954,1435,booster,719,1,0.001390821,5.883322388,0.008182646
955,1436,nih,13,1,0.076923077,5.883322388,0.452563261
956,1437,vaksinasi,1361,1,0.000734754,5.883322388,0.004322794
957,1439,pada,38,1,0.026315789,5.883322388,0.154824273
958,1441,dan,393,1,0.002544529,5.883322388,0.014970286
959,1443,updat,25,1,0.04,5.883322388,0.235332896
960,1444,situasi,16,1,0.0625,5.883322388,0.367707649
961,1445,kasus,21,1,0.047619048,5.883322388,0.280158209
962,1446,covid,328,1,0.00304878,5.883322388,0.017936959
963,1447,dan,393,1,0.002544529,5.883322388,0.014970286
964,1448,vaksinasi,1361,1,0.000734754,5.883322388,0.004322794
965,1449,covid,328,1,0.00304878,5.883322388,0.017936959
966,1450,kab,22,1,0.045454545,5.883322388,0.267423745
967,1452,maret,23,1,0.043478261,5.883322388,0.255796626
968,1455,dan,393,1,0.002544529,5.883322388,0.014970286
969,1457,vaksinasi,1361,1,0.000734754,5.883322388,0.004322794
970,1460,pt,13,1,0.076923077,5.883322388,0.452563261
971,1462,vaksinasi,1361,1,0.000734754,5.883322388,0.004322794
972,1463,covid,328,1,0.00304878,5.883322388,0.017936959
973,1464,dosi,106,1,0.009433962,5.883322388,0.055503041
974,1465,lengkap,120,1,0.008333333,5.883322388,0.049027687
975,1466,sudah,152,1,0.006578947,5.883322388,0.038706068
976,1467,mencapai,20,1,0.05,5.883322388,0.294166119
977,1468,juta,66,1,0.015151515,5.883322388,0.089141248
978,1469,suntikan,11,1,0.090909091,5.883322388,0.53484749
979,1474,satga,33,1,0.03030303,5.883322388,0.178282497
980,1476,covid,328,1,0.00304878,5.883322388,0.017936959
981,1483,vak,25,1,0.04,5.883322388,0.235332896
982,1491,akan,58,1,0.017241379,5.883322388,0.101436593
983,1492,terus,85,1,0.011764706,5.883322388,0.069215558
984,1493,meningkatkan,32,1,0.03125,5.883322388,0.183853825
985,1494,akselerasi,16,1,0.0625,5.883322388,0.367707649
986,1495,vaksinasi,1361,1,0.000734754,5.883322388,0.004322794
987,1496,di,380,1,0.002631579,5.883322388,0.015482427
988,1498,sejumlah,14,1,0.071428571,5.883322388,0.420237313
989,1499,lokasi,16,1,0.0625,5.883322388,0.367707649
990,1500,di,380,1,0.002631579,5.883322388,0.015482427
991,1501,dki,16,1,0.0625,5.883322388,0.367707649
992,1503,vaksinasi,1361,1,0.000734754,5.883322388,0.004322794
993,1504,covid,328,1,0.00304878,5.883322388,0.017936959
994,1505,booster,719,1,0.001390821,5.883322388,0.008182646
995,1506,berhadiah,14,1,0.071428571,5.883322388,0.420237313
996,1507,minyak,19,1,0.052631579,5.883322388,0.309648547
997,1508,goreng,18,1,0.055555556,5.883322388,0.326851244
998,1516,yang,176,1,0.005681818,5.883322388,0.033427968
999,1519,pada,38,1,0.026315789,5.883322388,0.154824273
1000,1521,hari,19,1,0.052631579,5.883322388,0.309648547
